post_title;ID;post_content;post_excerpt;post_date;post_name;post_author;post_status;featured_image;post_format;comment_status;ping_status;post_category;post_tag;bidang_prioritas;nama_skema;jenis_skema;nomor_skema
Desain Engineer Cetakan Injeksi Plastik;;;;08/12/2020 5:41;desain-engineer-cetakan-injeksi-plastik;ioryone;publish;;;open;open;Permesinan;;Permesinan;Desain Engineer Cetakan Injeksi Plastik;Okupasi;SS.LSP-POLMAN/DE/06.01/2020
Engineer Perekayasa Mesin;;;;08/12/2020 5:42;engineer-perekayasa-mesin;ioryone;publish;;;open;open;Permesinan;;Permesinan;Engineer Perekayasa Mesin;Okupasi;SS.LSP-POLMAN/DE/07.01/2020
Perekayasa Perkakas Presisi;;;;08/12/2020 5:43;perekayasa-perkakas-presisi;ioryone;publish;;;open;open;Permesinan;;Permesinan;Perekayasa Perkakas Presisi;Okupasi;SS.LSP-POLMAN/DE/08.01/2020
Perekayasa Produk Manufaktur;;;;08/12/2020 5:44;perekayasa-produk-manufaktur;ioryone;publish;;;open;open;Permesinan;;Permesinan;Perekayasa Produk Manufaktur;Okupasi;SS.LSP-POLMAN/DE/09.01/2020
Supervisor Pengecoran Logam;;;;08/12/2020 5:45;supervisor-pengecoran-logam;ioryone;publish;;;open;open;Permesinan;;Permesinan;Supervisor Pengecoran Logam;Okupasi;SS.LSP-POLMAN/FE/10.01/2020
Supervisor Pola Pengecoran Logam;;;;08/12/2020 5:46;supervisor-pola-pengecoran-logam;ioryone;publish;;;open;open;Permesinan;;Permesinan;Supervisor Pola Pengecoran Logam;Okupasi;SS.LSP-POLMAN/FE/11.01/2020
Engineer Casting Design;;;;08/12/2020 5:47;engineer-casting-design;ioryone;publish;;;open;open;Permesinan;;Permesinan;Engineer Casting Design;Okupasi;SS.LSP-POLMAN/FE/12.01/2020
Teknisi Senior Mekatronika;;;;08/12/2020 5:48;teknisi-senior-mekatronika;ioryone;publish;;;open;open;Permesinan;;Permesinan;Teknisi Senior Mekatronika;Okupasi;SS.LSP-POLMAN/AE/13.01/2020
Junior Engineer Mekatronika;;;;08/12/2020 5:49;junior-engineer-mekatronika;ioryone;publish;;;open;open;Permesinan;;Permesinan;Junior Engineer Mekatronika;Okupasi;SS.LSP-POLMAN/AE/14.01/2020
Engineer Mekatronika;;;;08/12/2020 5:50;engineer-mekatronika;ioryone;publish;;;open;open;Permesinan;;Permesinan;Engineer Mekatronika;Okupasi;SS.LSP-POLMAN/AE/16.01/2020
Teknisi Senior Pemeliharaan Sistem Robotik ;;;;08/12/2020 5:51;teknisi-senior-pemeliharaan-sistem-robotik;ioryone;publish;;;open;open;Permesinan;;Permesinan;Teknisi Senior Pemeliharaan Sistem Robotik ;Okupasi;SS.LSP-POLMAN/AE/15.01/2020
Die Making Junior Engineer;;;;08/12/2020 5:52;die-making-junior-engineer;ioryone;publish;;;open;open;Permesinan;;Permesinan;Die Making Junior Engineer;Okupasi;SS.LSP-POLMAN/ME/20.01/2020
Mould Making Junior Engineer;;;;08/12/2020 5:53;mould-making-junior-engineer;ioryone;publish;;;open;open;Permesinan;;Permesinan;Mould Making Junior Engineer;Okupasi;SS.LSP-POLMAN/ME/21.01/2020
Mechanical Maintenance Junior Engineer ;;;;08/12/2020 5:54;mechanical-maintenance-junior-engineer;ioryone;publish;;;open;open;Permesinan;;Permesinan;Mechanical Maintenance Junior Engineer ;Okupasi;SS.LSP-POLMAN/ME/19.01/2020
Electrical Maintenance Junior Engineer;;;;08/12/2020 5:55;electrical-maintenance-junior-engineer;ioryone;publish;;;open;open;Permesinan;;Permesinan;Electrical Maintenance Junior Engineer;Okupasi;SS.LSP-POLMAN/ME/17.01/2020
Automation Maintenance Junior Engineer;;;;08/12/2020 5:56;automation-maintenance-junior-engineer;ioryone;publish;;;open;open;Permesinan;;Permesinan;Automation Maintenance Junior Engineer;Okupasi;SS.LSP-POLMAN/ME/18.01/2020
Junior Engineer Pemesinan Konvensional;;;;08/12/2020 5:57;junior-engineer-pemesinan-konvensional;ioryone;publish;;;open;open;Permesinan;;Permesinan;Junior Engineer Pemesinan Konvensional;Okupasi;SS.LSP-POLMAN/ME/22.01/2020
Junior Engineer Pemesinan Nc;;;;08/12/2020 5:58;junior-engineer-pemesinan-nc;ioryone;publish;;;open;open;Permesinan;;Permesinan;Junior Engineer Pemesinan Nc;Okupasi;SS.LSP-POLMAN/ME/23.01/2020
Junior Engineer Fabrikasi;;;;08/12/2020 5:59;junior-engineer-fabrikasi;ioryone;publish;;;open;open;Permesinan;;Permesinan;Junior Engineer Fabrikasi;Okupasi;SS.LSP-POLMAN/ME/24.01/2020
Welding Inspector Comprehensive;;;;08/12/2020 6:00;welding-inspector-comprehensive;ioryone;publish;;;open;open;Permesinan;;Permesinan;Welding Inspector Comprehensive;Okupasi Level 5;SS-005-TM.LSP.Poliban.01
Welding Supervisor;;;;08/12/2020 6:01;welding-supervisor;ioryone;publish;;;open;open;Permesinan;;Permesinan;Welding Supervisor;Okupasi Level 5;SS-006-TM.LSP.Poliban.01
Welding Superintendent;;;;08/12/2020 6:02;welding-superintendent;ioryone;publish;;;open;open;Permesinan;;Permesinan;Welding Superintendent;Okupasi Level 5;SS-007-TM.LSP.Poliban.01
Welding Engineer;;;;08/12/2020 6:03;welding-engineer;ioryone;publish;;;open;open;Permesinan;;Permesinan;Welding Engineer;Okupasi Level 6;SS-008-TM.LSP.Poliban.01
Asisten Manajer Jaringan;;;;08/12/2020 6:04;asisten-manajer-jaringan;ioryone;publish;;;open;open;Permesinan;;Permesinan;Asisten Manajer Jaringan;Okupasi Level 5;SS-002-TL.LSP.Poliban.01
Asisten Manajer Pemeriksaan Dan Pengujian Pemanfaatan Tegangan Rendah;;;;08/12/2020 6:05;asisten-manajer-pemeriksaan-dan-pengujian-pemanfaatan-tegangan-rendah;ioryone;publish;;;open;open;Permesinan;;Permesinan;Asisten Manajer Pemeriksaan Dan Pengujian Pemanfaatan Tegangan Rendah;Okupasi Level 5;SS-003-TL.LSP.Poliban.01
Manajer Pemeriksaan Dan Pengujian Pemanfaatan Tegangan Rendah;;;;08/12/2020 6:06;manajer-pemeriksaan-dan-pengujian-pemanfaatan-tegangan-rendah;ioryone;publish;;;open;open;Permesinan;;Permesinan;Manajer Pemeriksaan Dan Pengujian Pemanfaatan Tegangan Rendah;Okupasi Level 6;SS-004-TL.LSP.Poliban.01
Manajer Area Pengatur Distribusi, Deputi Manajer Perencanaan Pola Operasi Dan Pemeliharaan Sistem Distribusi;;;;08/12/2020 6:07;manajer-area-pengatur-distribusi-deputi-manajer-perencanaan-pola-operasi-dan-pemeliharaan-sistem-distribusi;ioryone;publish;;;open;open;Permesinan;;Permesinan;Manajer Area Pengatur Distribusi, Deputi Manajer Perencanaan Pola Operasi Dan Pemeliharaan Sistem Distribusi;Okupasi Level 6;SS-005-TL.LSP.Poliban.01
Ahli Keselamatan Dan Kesehatan Kerja Umum (Ahli K3 Umum);;;;08/12/2020 6:08;ahli-keselamatan-dan-kesehatan-kerja-umum-ahli-k3-umum;ioryone;publish;;;open;open;Permesinan;;Permesinan;Ahli Keselamatan Dan Kesehatan Kerja Umum (Ahli K3 Umum);Okupasi Level 7;SS-004-TMB.LSP.Poliban.01
Teknisi Keselamatan Dan Kesehatan Kerja Umum (Teknisi K3 Umum);;;;08/12/2020 6:09;teknisi-keselamatan-dan-kesehatan-kerja-umum-teknisi-k3-umum;ioryone;publish;;;open;open;Permesinan;;Permesinan;Teknisi Keselamatan Dan Kesehatan Kerja Umum (Teknisi K3 Umum);Okupasi Level 6;SS-005-TMB.LSP.Poliban.01
Teknisi Senior Refrigerasi Komersial Dan Industri;;;;08/12/2020 6:10;teknisi-senior-refrigerasi-komersial-dan-industri;ioryone;publish;;;open;open;Permesinan;;Permesinan;Teknisi Senior Refrigerasi Komersial Dan Industri;Okupasi Level 5;SS-003-REF.LSP.Poliban.01
Teknisi Senior Tata Udara Komersial Dan Sistem Vrf   ;;;;08/12/2020 6:11;teknisi-senior-tata-udara-komersial-dan-sistem-vrf;ioryone;publish;;;open;open;Permesinan;;Permesinan;Teknisi Senior Tata Udara Komersial Dan Sistem Vrf   ;Okupasi Level 5;SS-002-REF.LSP.Poliban.01
Teknisi Senior Tata Udara Sentral Dan Chiller   ;;;;08/12/2020 6:12;teknisi-senior-tata-udara-sentral-dan-chiller;ioryone;publish;;;open;open;Permesinan;;Permesinan;Teknisi Senior Tata Udara Sentral Dan Chiller   ;Okupasi Level 5;SS-001-REF.LSP.Poliban.01
Service Advisor    ;;;;08/12/2020 6:13;service-advisor;ioryone;publish;;;open;open;Permesinan;;Permesinan;Service Advisor    ;Okupasi Level 5;SS-004-TMO.LSP.Poliban.01
Technician Leader   ;;;;08/12/2020 6:14;technician-leader;ioryone;publish;;;open;open;Permesinan;;Permesinan;Technician Leader   ;Okupasi Level 5;SS-005-TMO.LSP.Poliban.01
Workshop Supervisor  ;;;;08/12/2020 6:15;workshop-supervisor;ioryone;publish;;;open;open;Permesinan;;Permesinan;Workshop Supervisor  ;Okupasi Level 6;SS-006-TL.LSP.Poliban.01
Workshop Instruktur    ;;;;08/12/2020 6:16;workshop-instruktur;ioryone;publish;;;open;open;Permesinan;;Permesinan;Workshop Instruktur    ;Okupasi Level 6;SS-007-TMO.LSP.Poliban.01
Assistant Engineer System Otomasi Industri ;;;;08/12/2020 6:17;assistant-engineer-system-otomasi-industri;ioryone;publish;;;open;open;Permesinan;;Permesinan;Assistant Engineer System Otomasi Industri ;Okupasi Level 5;SS-002-TE.LSP.Poliban.01
Engineer System Otomasi Industri;;;;08/12/2020 6:18;engineer-system-otomasi-industri;ioryone;publish;;;open;open;Permesinan;;Permesinan;Engineer System Otomasi Industri;Okupasi Level 6;SS-003-TE.LSP.Poliban.01
Supervisor Perawatan Dan Reparasi Mesin Perkakas;;;;08/12/2020 6:19;supervisor-perawatan-dan-reparasi-mesin-perkakas;ioryone;publish;;;open;open;Permesinan;;Permesinan;Supervisor Perawatan Dan Reparasi Mesin Perkakas;Okupasi Nasional Level 5;001/LSP-Politeknik ATMI/2020
Supervisor Ppic /Perencanaan Produksi Dan Pengendalian Persediaan;;;;08/12/2020 6:20;supervisor-ppic-perencanaan-produksi-dan-pengendalian-persediaan;ioryone;publish;;;open;open;Permesinan;;Permesinan;Supervisor Ppic /Perencanaan Produksi Dan Pengendalian Persediaan;Okupasi Nasional Level 5;002/LSP-Politeknik ATMI/2020
Supervisor Sales Technical Support;;;;08/12/2020 6:21;supervisor-sales-technical-support;ioryone;publish;;;open;open;Permesinan;;Permesinan;Supervisor Sales Technical Support;Okupasi Nasional Level 5;003/LSP-Politeknik ATMI/2020
Supervisor Produksi ;;;;08/12/2020 6:22;supervisor-produksi;ioryone;publish;;;open;open;Permesinan;;Permesinan;Supervisor Produksi ;Okupasi Nasional Level 5;004/LSP-Politeknik ATMI/2020
Supervisor Desainer Rekayasa Alat Mekanik;;;;08/12/2020 6:23;supervisor-desainer-rekayasa-alat-mekanik;ioryone;publish;;;open;open;Permesinan;;Permesinan;Supervisor Desainer Rekayasa Alat Mekanik;Okupasi Nasional Level 5;005/LSP-Politeknik ATMI/2020
Manager Pengembangan Produk;;;;08/12/2020 6:24;manager-pengembangan-produk;ioryone;publish;;;open;open;Permesinan;;Permesinan;Manager Pengembangan Produk;Okupasi Nasional Level 6;006/LSP-Politeknik ATMI/2020
Manager Rekayasa Optimasi;;;;08/12/2020 6:25;manager-rekayasa-optimasi;ioryone;publish;;;open;open;Permesinan;;Permesinan;Manager Rekayasa Optimasi;Okupasi Nasional Level 6;007/LSP-Politeknik ATMI/2020
Desainer Cetakan Plastik Injeksi Dasar;;;;08/12/2020 6:26;desainer-cetakan-plastik-injeksi-dasar;ioryone;publish;;;open;open;Permesinan;;Permesinan;Desainer Cetakan Plastik Injeksi Dasar;Okupasi Nasional Level 5;008/LSP-Politeknik ATMI/2020
Engineer Seting Parameter Mesin Injection Moulding;;;;08/12/2020 6:27;engineer-seting-parameter-mesin-injection-moulding;ioryone;publish;;;open;open;Permesinan;;Permesinan;Engineer Seting Parameter Mesin Injection Moulding;Okupasi Nasional Level 6;009/LSP-Politeknik ATMI/2020
Engineering Pemeliharaan Dan Perbaikan Mold;;;;08/12/2020 6:28;engineering-pemeliharaan-dan-perbaikan-mold;ioryone;publish;;;open;open;Permesinan;;Permesinan;Engineering Pemeliharaan Dan Perbaikan Mold;Okupasi Nasional Level 6;010/LSP-Politeknik ATMI/2020
Engineerring  Pengelolaan  Produksi Plastik Injeksi;;;;08/12/2020 6:29;engineerring-pengelolaan-produksi-plastik-injeksi;ioryone;publish;;;open;open;Permesinan;;Permesinan;Engineerring  Pengelolaan  Produksi Plastik Injeksi;Okupasi Nasional Level 6;011/LSP-Politeknik ATMI/2020
Analisa Perancangan Mold;;;;08/12/2020 6:30;analisa-perancangan-mold;ioryone;publish;;;open;open;Permesinan;;Permesinan;Analisa Perancangan Mold;Okupasi Nasional Level 5;012/LSP-Politeknik ATMI/2020
Analisis Material Plastik;;;;08/12/2020 6:31;analisis-material-plastik;ioryone;publish;;;open;open;Permesinan;;Permesinan;Analisis Material Plastik;Okupasi Nasional Level 5;013/LSP-Politeknik ATMI/2020
Ahli Rekayasa Ulang;;;;08/12/2020 6:32;ahli-rekayasa-ulang;ioryone;publish;;;open;open;Permesinan;;Permesinan;Ahli Rekayasa Ulang;Okupasi Nasional Level 6;014/LSP-Politeknik ATMI/2020
Ahli Perancangan Produk Baru;;;;08/12/2020 6:33;ahli-perancangan-produk-baru;ioryone;publish;;;open;open;Permesinan;;Permesinan;Ahli Perancangan Produk Baru;Okupasi Nasional Level 6;015/LSP-Politeknik ATMI/2020
Pelaksana Lapangan Pekerjaan Gedung ;;;;08/12/2020 6:34;pelaksana-lapangan-pekerjaan-gedung;ioryone;publish;;;open;open;Konstruksi;;Konstruksi;Pelaksana Lapangan Pekerjaan Gedung ;Okupasi Nasional Level 5;SS.01/TS-PNJ/2020
Pengawas Pekerjaa Struktur Bangunan Gedung;;;;08/12/2020 6:35;pengawas-pekerjaa-struktur-bangunan-gedung;ioryone;publish;;;open;open;Konstruksi;;Konstruksi;Pengawas Pekerjaa Struktur Bangunan Gedung;Okupasi Nasional Level 5;SS.02/TS-PNJ/2020
Ahli Muda Keahlian Teknik Jalan ;;;;08/12/2020 6:36;ahli-muda-keahlian-teknik-jalan;ioryone;publish;;;open;open;Konstruksi;;Konstruksi;Ahli Muda Keahlian Teknik Jalan ;Okupasi Nasional Level 5;SS.03/TS-PNJ/2020
Ahli Muda Teknik Jembatan ;;;;08/12/2020 6:37;ahli-muda-teknik-jembatan;ioryone;publish;;;open;open;Konstruksi;;Konstruksi;Ahli Muda Teknik Jembatan ;Okupasi Nasional Level 5;SS.04/TS-PNJ/2020
Pelaksana Pemeliharaan Jalan ;;;;08/12/2020 6:38;pelaksana-pemeliharaan-jalan;ioryone;publish;;;open;open;Konstruksi;;Konstruksi;Pelaksana Pemeliharaan Jalan ;Okupasi Nasional Level 5;SS.05/TS-PNJ/2020
Ahli Muda K3 Konstruksi;;;;08/12/2020 6:39;ahli-muda-k3-konstruksi;ioryone;publish;;;open;open;Konstruksi;;Konstruksi;Ahli Muda K3 Konstruksi;Okupasi Nasional Level 5;SS.06/TS-PNJ/2020
Ahli Muda Quantity Surveyor;;;;08/12/2020 6:40;ahli-muda-quantity-surveyor;ioryone;publish;;;open;open;Konstruksi;;Konstruksi;Ahli Muda Quantity Surveyor;Okupasi Nasional Level 4;SS.07/TS-PNJ/2020
Teknisi Madya Pembangunan Dan Pemasangan Distribusi Tegangan Menengah;;;;08/12/2020 6:41;teknisi-madya-pembangunan-dan-pemasangan-distribusi-tegangan-menengah;ioryone;publish;;;open;open;Konstruksi;;Konstruksi;Teknisi Madya Pembangunan Dan Pemasangan Distribusi Tegangan Menengah;Okupasi Nasional Level 5;SS.08/TE-PNJ/2020
Teknisi Madya Pembangunan Dan Pemasangan Distribusi Tegangan Rendah;;;;08/12/2020 6:42;teknisi-madya-pembangunan-dan-pemasangan-distribusi-tegangan-rendah;ioryone;publish;;;open;open;Konstruksi;;Konstruksi;Teknisi Madya Pembangunan Dan Pemasangan Distribusi Tegangan Rendah;Okupasi Nasional Level 5;SS.09/TE-PNJ/2020
Teknisi Instalasi Fiber Optic ;;;;08/12/2020 6:43;teknisi-instalasi-fiber-optic;ioryone;publish;;;open;open;Konstruksi;;Konstruksi;Teknisi Instalasi Fiber Optic ;Okupasi Nasional Level 5;SS.10/TE-PNJ/2020
Welding Inspector Comprehensive;;;;08/12/2020 6:44;welding-inspector-comprehensive;ioryone;publish;;;open;open;Konstruksi;;Konstruksi;Welding Inspector Comprehensive;Okupasi Level 5;SS.11/TM-PNJ/2020
Ahli Rekayasa Konstruksi Bangunan Gedung;;;;08/12/2020 6:45;ahli-rekayasa-konstruksi-bangunan-gedung;ioryone;publish;;;open;open;Konstruksi;;Konstruksi;Ahli Rekayasa Konstruksi Bangunan Gedung;Okupasi Nasional Level 6;SS.12/TS-PNJ/2020
Ahli Material Jalan;;;;08/12/2020 6:46;ahli-material-jalan;ioryone;publish;;;open;open;Konstruksi;;Konstruksi;Ahli Material Jalan;Okupasi Nasional Level 6;SS.13/TS-PNJ/2020
Ahli Pemeliharan Jalan Dan Jembatan;;;;08/12/2020 6:47;ahli-pemeliharan-jalan-dan-jembatan;ioryone;publish;;;open;open;Konstruksi;;Konstruksi;Ahli Pemeliharan Jalan Dan Jembatan;Okupasi Nasional Level 6;SS.14/TS-PNJ/2020
Manajer Pelaksanaan Lapangan Pekerjaan Jalan / Jembatan;;;;08/12/2020 6:48;manajer-pelaksanaan-lapangan-pekerjaan-jalan-jembatan;ioryone;publish;;;open;open;Konstruksi;;Konstruksi;Manajer Pelaksanaan Lapangan Pekerjaan Jalan / Jembatan;Okupasi Nasional Level 6;SS.15/TS-PNJ/2020
Estimator Biaya Jalan ;;;;08/12/2020 6:49;estimator-biaya-jalan;ioryone;publish;;;open;open;Konstruksi;;Konstruksi;Estimator Biaya Jalan ;Okupasi Nasional Level 5;SS.16/TS-PNJ/2020
Manajer Lapangan Pelaksanaan Pekerjaan Gedung ;;;;08/12/2020 6:50;manajer-lapangan-pelaksanaan-pekerjaan-gedung;ioryone;publish;;;open;open;Konstruksi;;Konstruksi;Manajer Lapangan Pelaksanaan Pekerjaan Gedung ;Okupasi Nasional Level 6;SS.17/TS-PNJ/2020
Sertifikasi Okupasi Ahli Muda Arsitek Interior;;;;08/12/2020 6:51;sertifikasi-okupasi-ahli-muda-arsitek-interior;ioryone;publish;;;open;open;Konstruksi;;Konstruksi;Sertifikasi Okupasi Ahli Muda Arsitek Interior;OKUPASI (KKNI);
Sertifikasi Okupasi Ahli Muda Perencana Wilayah Pesisir Dan Pulau-Pulau Kecil ;;;;08/12/2020 6:52;sertifikasi-okupasi-ahli-muda-perencana-wilayah-pesisir-dan-pulau-pulau-kecil;ioryone;publish;;;open;open;Konstruksi;;Konstruksi;Sertifikasi Okupasi Ahli Muda Perencana Wilayah Pesisir Dan Pulau-Pulau Kecil ;OKUPASI (KKNI);
Sertifikasi Okupasi Ahli Perencana Tata Bangunan Dan Lingkungan;;;;08/12/2020 6:53;sertifikasi-okupasi-ahli-perencana-tata-bangunan-dan-lingkungan;ioryone;publish;;;open;open;Konstruksi;;Konstruksi;Sertifikasi Okupasi Ahli Perencana Tata Bangunan Dan Lingkungan;OKUPASI (KKNI);
Sertifikasi Okupasi Ahli Muda Perencana Tata Ruang Wilayah Dan Kota;;;;08/12/2020 6:54;sertifikasi-okupasi-ahli-muda-perencana-tata-ruang-wilayah-dan-kota;ioryone;publish;;;open;open;Konstruksi;;Konstruksi;Sertifikasi Okupasi Ahli Muda Perencana Tata Ruang Wilayah Dan Kota;OKUPASI (KKNI);
Sertifikasi Okupasi Manajer Sistem Manajemen Lingkungan;;;;08/12/2020 6:55;sertifikasi-okupasi-manajer-sistem-manajemen-lingkungan;ioryone;publish;;;open;open;Konstruksi;;Konstruksi;Sertifikasi Okupasi Manajer Sistem Manajemen Lingkungan;OKUPASI (KKNI);
Sertifikasi Okupasi Ahli Muda Perencana Pengelolaan Sampah;;;;08/12/2020 6:56;sertifikasi-okupasi-ahli-muda-perencana-pengelolaan-sampah;ioryone;publish;;;open;open;Konstruksi;;Konstruksi;Sertifikasi Okupasi Ahli Muda Perencana Pengelolaan Sampah;OKUPASI (KKNI);
Sertifikasi Okupasi Ahli Teknik Lingkungan Bidang Jasa Konstruksi;;;;08/12/2020 6:57;sertifikasi-okupasi-ahli-teknik-lingkungan-bidang-jasa-konstruksi;ioryone;publish;;;open;open;Konstruksi;;Konstruksi;Sertifikasi Okupasi Ahli Teknik Lingkungan Bidang Jasa Konstruksi;OKUPASI (KKNI);
Sertifikasi Okupasi Penyusun Amdal;;;;08/12/2020 6:58;sertifikasi-okupasi-penyusun-amdal;ioryone;publish;;;open;open;Konstruksi;;Konstruksi;Sertifikasi Okupasi Penyusun Amdal;OKUPASI (KKNI);
Sertifikasi Okupasi Ahli Muda Manajemen Konstruksi;;;;08/12/2020 6:59;sertifikasi-okupasi-ahli-muda-manajemen-konstruksi;ioryone;publish;;;open;open;Konstruksi;;Konstruksi;Sertifikasi Okupasi Ahli Muda Manajemen Konstruksi;OKUPASI (KKNI);
Sertifikasi Okupasi Manajer Pengelolaan Bangunan Gedung;;;;08/12/2020 7:00;sertifikasi-okupasi-manajer-pengelolaan-bangunan-gedung;ioryone;publish;;;open;open;Konstruksi;;Konstruksi;Sertifikasi Okupasi Manajer Pengelolaan Bangunan Gedung;OKUPASI (KKNI);
Sertifikasi Okupasi Supervisor K3 Konstruksi;;;;08/12/2020 7:01;sertifikasi-okupasi-supervisor-k3-konstruksi;ioryone;publish;;;open;open;Konstruksi;;Konstruksi;Sertifikasi Okupasi Supervisor K3 Konstruksi;OKUPASI (KKNI);
Sertifikasi Okupasi Personil Keselamatan Dan Kesehatan Kerja;;;;08/12/2020 7:02;sertifikasi-okupasi-personil-keselamatan-dan-kesehatan-kerja;ioryone;publish;;;open;open;Konstruksi;;Konstruksi;Sertifikasi Okupasi Personil Keselamatan Dan Kesehatan Kerja;OKUPASI (KKNI);
Sertifikasi Okupasi Ahli Sistem Manajemen Mutu Konstruksi;;;;08/12/2020 7:03;sertifikasi-okupasi-ahli-sistem-manajemen-mutu-konstruksi;ioryone;publish;;;open;open;Konstruksi;;Konstruksi;Sertifikasi Okupasi Ahli Sistem Manajemen Mutu Konstruksi;OKUPASI (KKNI);
"Sertifikasi Okupasi 
Ahli Muda Quantity Surveying";;;;08/12/2020 7:04;sertifikasi-okupasi-ahli-muda-quantity-surveying;ioryone;publish;;;open;open;Konstruksi;;Konstruksi;Sertifikasi Okupasi Ahli Muda Quantity Surveying;OKUPASI (KKNI);
Sertifikasi Okupasi Ahli Geofisika Panas Bumi;;;;08/12/2020 7:05;sertifikasi-okupasi-ahli-geofisika-panas-bumi;ioryone;publish;;;open;open;Konstruksi;;Konstruksi;Sertifikasi Okupasi Ahli Geofisika Panas Bumi;OKUPASI (KKNI);
Sertifikasi Okupasi Ahli Sistem Informasi Geospasial;;;;08/12/2020 7:06;sertifikasi-okupasi-ahli-sistem-informasi-geospasial;ioryone;publish;;;open;open;Konstruksi;;Konstruksi;Sertifikasi Okupasi Ahli Sistem Informasi Geospasial;OKUPASI (KKNI);
Sertifikasi Okupasi Ahli Survei Terestris;;;;08/12/2020 7:07;sertifikasi-okupasi-ahli-survei-terestris;ioryone;publish;;;open;open;Konstruksi;;Konstruksi;Sertifikasi Okupasi Ahli Survei Terestris;OKUPASI (KKNI);
Sertifikasi Okupasi Ahli Muda Perencana Beton Pracetak Untuk Struktur Bangunan Gedung;;;;08/12/2020 7:08;sertifikasi-okupasi-ahli-muda-perencana-beton-pracetak-untuk-struktur-bangunan-gedung;ioryone;publish;;;open;open;Konstruksi;;Konstruksi;Sertifikasi Okupasi Ahli Muda Perencana Beton Pracetak Untuk Struktur Bangunan Gedung;OKUPASI (KKNI);
Sertifikasi Okupasi Ahli Penilai Bangunan Hijau;;;;08/12/2020 7:09;sertifikasi-okupasi-ahli-penilai-bangunan-hijau;ioryone;publish;;;open;open;Konstruksi;;Konstruksi;Sertifikasi Okupasi Ahli Penilai Bangunan Hijau;OKUPASI (KKNI);
Sertifikasi Okupasi Ahli Keselamatan Jalan;;;;08/12/2020 7:10;sertifikasi-okupasi-ahli-keselamatan-jalan;ioryone;publish;;;open;open;Konstruksi;;Konstruksi;Sertifikasi Okupasi Ahli Keselamatan Jalan;OKUPASI (KKNI);
Pengembang Buku Elektronik;;;;08/12/2020 7:11;pengembang-buku-elektronik;ioryone;publish;;;open;open;Ekonomi Kreatif;;Ekonomi Kreatif;Pengembang Buku Elektronik;Okupasi Nasional Level 5;SSP 0.02/LSP/POLIMEDIA/2020
Lead 3D Animator;;;;08/12/2020 7:12;lead-3d-animator;ioryone;publish;;;open;open;Ekonomi Kreatif;;Ekonomi Kreatif;Lead 3D Animator;Okupasi Nasional Level 5;SSP 0.03/LSP/POLIMEDIA/2020
Produser ;;;;08/12/2020 7:13;produser-;ioryone;publish;;;open;open;Ekonomi Kreatif;;Ekonomi Kreatif;Produser ;KKNI Level 6;SSP 0.04/LSP/POLIMEDIA/2020
Advertising Executive;;;;08/12/2020 7:14;advertising-executive;ioryone;publish;;;open;open;Ekonomi Kreatif;;Ekonomi Kreatif;Advertising Executive;Okupasi Nasional Level 5;SSP 0.05/LSP/POLIMEDIA/2020
Desainer Games Komputer;;;;08/12/2020 7:15;desainer-games-komputer;ioryone;publish;;;open;open;Ekonomi Kreatif;;Ekonomi Kreatif;Desainer Games Komputer;Okupasi Nasional Level 5;SSP 0.06/LSP/POLIMEDIA/2020
Fasilitator Pemberdayaan Masyarakat;;;;08/12/2020 7:16;fasilitator-pemberdayaan-masyarakat;ioryone;publish;;;open;open;Ekonomi Kreatif;;Ekonomi Kreatif;Fasilitator Pemberdayaan Masyarakat;KKNI Level 6;SSP 0.07/LSP/POLIMEDIA/2020
Penata Mode Busana ( Stylish );;;;08/12/2020 7:17;penata-mode-busana-stylish;ioryone;publish;;;open;open;Ekonomi Kreatif;;Ekonomi Kreatif;Penata Mode Busana ( Stylish );Okupasi Nasional Level 5;SSP 0.08/LSP/POLIMEDIA/2020
Digital Games Developer;;;;08/12/2020 7:18;digital-games-developer;ioryone;publish;;;open;open;Ekonomi Kreatif;;Ekonomi Kreatif;Digital Games Developer;Okupasi Nasional Level 5;SSP 0.09/LSP/POLIMEDIA/2020
Editor Penerbitan;;;;08/12/2020 7:19;editor-penerbitan;ioryone;publish;;;open;open;Ekonomi Kreatif;;Ekonomi Kreatif;Editor Penerbitan;Okupasi Nasional Level 5;SSP 0.10/LSP/POLIMEDIA/2020
Pengarah Seni Digital ;;;;08/12/2020 7:20;pengarah-seni-digital;ioryone;publish;;;open;open;Ekonomi Kreatif;;Ekonomi Kreatif;Pengarah Seni Digital ;Okupasi Nasional Level 5;SSP 0.11/LSP/POLIMEDIA/2020
Desainer Grafis;;;;08/12/2020 7:21;desainer-grafis;ioryone;publish;;;open;open;Ekonomi Kreatif;;Ekonomi Kreatif;Desainer Grafis;Okupasi Nasional Level 5;SSP 0.12/LSP/POLIMEDIA/2020
Junior Web Programer;;;;08/12/2020 7:22;junior-web-programer;ioryone;publish;;;open;open;Ekonomi Kreatif;;Ekonomi Kreatif;Junior Web Programer;Okupasi Nasional Level 5;SSP 0.13/LSP/POLIMEDIA/2020
Digital Marketing;;;;08/12/2020 7:23;digital-marketing;ioryone;publish;;;open;open;Ekonomi Kreatif;;Ekonomi Kreatif;Digital Marketing;Okupasi Nasional Level 5;SSP 0.14/LSP/POLIMEDIA/2020
Konsultan Pengguna Kemasan Produk Ikm;;;;08/12/2020 7:24;konsultan-pengguna-kemasan-produk-ikm;ioryone;publish;;;open;open;Ekonomi Kreatif;;Ekonomi Kreatif;Konsultan Pengguna Kemasan Produk Ikm;Okupasi Nasional Level 5;SSP 0.15/LSP/POLIMEDIA/2020
Fotografer Utama;;;;08/12/2020 7:25;fotografer-utama;ioryone;publish;;;open;open;Ekonomi Kreatif;;Ekonomi Kreatif;Fotografer Utama;Okupasi;
Inovator Produk Makanan Baru;;;;08/12/2020 7:26;inovator-produk-makanan-baru;ioryone;publish;;;open;open;Ekonomi Kreatif;;Ekonomi Kreatif;Inovator Produk Makanan Baru;Okupasi;
Perancang Permainan Interaktif ;;;;08/12/2020 7:27;perancang-permainan-interaktif;ioryone;publish;;;open;open;Ekonomi Kreatif;;Ekonomi Kreatif;Perancang Permainan Interaktif ;Okupasi ;
Kewirausahaan Industri;;;;08/12/2020 7:28;kewirausahaan-industri;ioryone;publish;;;open;open;Ekonomi Kreatif;;Ekonomi Kreatif;Kewirausahaan Industri;KKNI Level 5;44/Kewirausahaan Industri/LSP-UI/2020
Exhibition Officer;;;;08/12/2020 7:29;exhibition-officer;ioryone;publish;;;open;open;Ekonomi Kreatif;;Ekonomi Kreatif;Exhibition Officer;KKNI Level 5;35/Exhibition/LSP-UI/2020
Jasa Impesariat;;;;08/12/2020 7:30;jasa-impesariat;ioryone;publish;;;open;open;Ekonomi Kreatif;;Ekonomi Kreatif;Jasa Impesariat;Jenjang Level 5;36/Jasa-Impesariat/LSP-UI/2020
Analis Kredit (Credit Analyst);;;;08/12/2020 7:31;analis-kredit-credit-analyst;ioryone;publish;;;open;open;Ekonomi Kreatif;;Ekonomi Kreatif;Analis Kredit (Credit Analyst);KKNI Level 5;32/Perbankan/LSP-UI/2020
Fotografer Iklan;;;;08/12/2020 7:32;fotografer-iklan;ioryone;publish;;;open;open;Ekonomi Kreatif;;Ekonomi Kreatif;Fotografer Iklan;Okupasi Level 6;42/Fotografer-Iklan/LSP-UI/2020
Manajer Produksi Film;;;;08/12/2020 7:33;manajer-produksi-film;ioryone;publish;;;open;open;Ekonomi Kreatif;;Ekonomi Kreatif;Manajer Produksi Film;Okupasi Level 6;37/MPF/LSP-UI/2020
Penyiar Radio;;;;08/12/2020 7:34;penyiar-radio;ioryone;publish;;;open;open;Ekonomi Kreatif;;Ekonomi Kreatif;Penyiar Radio;Okupasi Level 5;19/Penyiaran/LSP-UI/2020
Penulis Naskah Siaran Televisi;;;;08/12/2020 7:35;penulis-naskah-siaran-televisi;ioryone;publish;;;open;open;Ekonomi Kreatif;;Ekonomi Kreatif;Penulis Naskah Siaran Televisi;KKNI Level 5;21/Penyiaran/LSP-UI/2020
Food Inspector;;;;08/12/2020 7:36;food-inspector;ioryone;publish;;;open;open;Ekonomi Kreatif;;Ekonomi Kreatif;Food Inspector;Jenjang Level 5;43/Food-Inspector/LSP-UI/2020
Junior Network Administrator;;;;08/12/2020 7:37;junior-network-administrator;ioryone;publish;;;open;open;Ekonomi Kreatif;;Ekonomi Kreatif;Junior Network Administrator;Okupasi Level 5;14/Pemrogram/LSP-UI/2020
Periklanan Account Service ;;;;08/12/2020 7:38;periklanan-account-service;ioryone;publish;;;open;open;Ekonomi Kreatif;;Ekonomi Kreatif;Periklanan Account Service ;Okupasi Level 6;38/Periklanan/LSP-UI/2020
Pemandu Wisata Gunung;;;;08/12/2020 7:39;pemandu-wisata-gunung;ioryone;publish;;;open;open;Ekonomi Kreatif;;Ekonomi Kreatif;Pemandu Wisata Gunung;KKNI Level 5;39/pariwisata-Gunung/LSP-UI/2020
Fasilitator Teknis Pembangunan Sarana Sanitasi Berbasis Masyarakat;;;;08/12/2020 7:40;fasilitator-teknis-pembangunan-sarana-sanitasi-berbasis-masyarakat;ioryone;publish;;;open;open;Ekonomi Kreatif;;Ekonomi Kreatif;Fasilitator Teknis Pembangunan Sarana Sanitasi Berbasis Masyarakat;Okupasi Level 5;40/Sanitasi/LSP-UI/2020
Okupasi Pengelola Arsip Aktif Mahir;;;;08/12/2020 7:41;okupasi-pengelola-arsip-aktif-mahir;ioryone;publish;;;open;open;Ekonomi Kreatif;;Ekonomi Kreatif;Okupasi Pengelola Arsip Aktif Mahir;Okupasi Level 6;41/Kearsipan/LSP-UI/2020
Occupational Health And Safety Technician;;;;08/12/2020 7:42;occupational-health-and-safety-technician;ioryone;publish;;;open;open;Ekonomi Kreatif;;Ekonomi Kreatif;Occupational Health And Safety Technician;Okupasi Level 6;29/K3/LSP-UI/2020
Graphic Designer;;;;08/12/2020 7:43;graphic-designer;ioryone;publish;;;open;open;Ekonomi Kreatif;;Ekonomi Kreatif;Graphic Designer;Okupasi Level 5;45/Desain-Grafis/LSP-UI/2020
Bidang Administrasi Profesional Level V;;;;08/12/2020 7:44;bidang-administrasi-profesional-level-v;ioryone;publish;;;open;open;Ekonomi Kreatif;;Ekonomi Kreatif;Bidang Administrasi Profesional Level V;KKNI Level 5 Administrasi Profesional ;24/SKM-KPA/LSP-P1 POLNEP/III/2018
Bidang Administrasi Profesional Level VI;;;;08/12/2020 7:45;bidang-administrasi-profesional-level-vi;ioryone;publish;;;open;open;Ekonomi Kreatif;;Ekonomi Kreatif;Bidang Administrasi Profesional Level VI;KKNI Level 6 Administrasi Profesional ;42/SKM-KMA/LSP-P1 POLNEP/XII/2019
Bidang Manajemen Agribisnis Level VI;;;;08/12/2020 7:46;bidang-manajemen-agribisnis-level-vi;ioryone;publish;;;open;open;Ekonomi Kreatif;;Ekonomi Kreatif;Bidang Manajemen Agribisnis Level VI;KKNI Level 6;64/SKM-KMA/LSP-P1 POLNEP/XII/2019
 Teknisi Akuntansi Ahli;;;;08/12/2020 7:47;teknisi-akuntansi-ahli;ioryone;publish;;;open;open;Ekonomi Kreatif;;Ekonomi Kreatif;Teknisi Akuntansi Ahli;Okupasi;44/SKM-KTAA/LSP-P1 POLNEP/XII/2019
Network Administrator Muda (Junior Network Administrator);;;;08/12/2020 7:48;network-administrator-muda-junior-network-administrator;ioryone;publish;;;open;open;Ekonomi Kreatif;;Ekonomi Kreatif;Network Administrator Muda (Junior Network Administrator);Okupasi;27/SKM-OJNA/LSP-P1 POLNEP/III/2018
Junior Web Programmer;;;;08/12/2020 7:49;junior-web-programmer;ioryone;publish;;;open;open;Ekonomi Kreatif;;Ekonomi Kreatif;Junior Web Programmer;Okupasi;26/SKM-OJWP/LSP-P1 POLNEP/III/2018
Asisten Pengendali Organisme Pengganggu Tumbuhan;;;;08/12/2020 7:50;asisten-pengendali-organisme-pengganggu-tumbuhan;ioryone;publish;;;open;open;Ekonomi Kreatif;;Ekonomi Kreatif;Asisten Pengendali Organisme Pengganggu Tumbuhan;Okupasi;61/SKM-OAPOPT/LSP-P1 POLNEP/XII/2019
"Sertifikasi Okupasi Pengawas Mutu (Quality Control) Pembekuan Udang 
";;;;08/12/2020 7:51;sertifikasi-okupasi-pengawas-mutu-quality-control-pembekuan-udang;ioryone;publish;;;open;open;Ekonomi Kreatif;;Ekonomi Kreatif;"Sertifikasi Okupasi Pengawas Mutu (Quality Control) Pembekuan Udang 
";OKUPASI;12/SKM-OPMPU/LSP-P1 POLNEP/III/2018
Teknisi Pembesaran Ikan Bandeng ;;;;08/12/2020 7:52;teknisi-pembesaran-ikan-bandeng;ioryone;publish;;;open;open;Ekonomi Kreatif;;Ekonomi Kreatif;Teknisi Pembesaran Ikan Bandeng ;OKUPASI;65/SKM-OTPIB/LSP-P1 POLNEP/XI/2020
"Teknisi Pembesaran Ikan Catfish 
";;;;08/12/2020 7:53;teknisi-pembesaran-ikan-catfish;ioryone;publish;;;open;open;Ekonomi Kreatif;;Ekonomi Kreatif;"Teknisi Pembesaran Ikan Catfish 
";Okupasi;02/SKM-KBIC/LSP-P1 POLNEP/III/2018
"Asisten Kebun Kelapa Sawit
";;;;08/12/2020 7:54;"asisten-kebun-kelapa-sawit
";ioryone;publish;;;open;open;Ekonomi Kreatif;;Ekonomi Kreatif;"Asisten Kebun Kelapa Sawit
";Okupasi;17/SKM-OKKS/LSP-P1 POLNEP/III/2018
Operasi Laboratorium Level V;;;;08/12/2020 7:55;operasi-laboratorium-level-v;ioryone;publish;;;open;open;Ekonomi Kreatif;;Ekonomi Kreatif;Operasi Laboratorium Level V;KKNI Level 5;22/SKM-KTL/LSP-P1 POLNEP/III/2020
"Foreman Pengolahan Minyak Kelapa Sawit 
";;;;08/12/2020 7:56;foreman-pengolahan-minyak-kelapa-sawit;ioryone;publish;;;open;open;Ekonomi Kreatif;;Ekonomi Kreatif;"Foreman Pengolahan Minyak Kelapa Sawit 
";Okupasi ;18/SKM-OFPMKS/LSP-P1 POLNEP/III/2018
" Ahli Perencana Tata Bangunan Dan Lingkungan 
";;;;08/12/2020 7:57;ahli-perencana-tata-bangunan-dan-lingkungan;ioryone;publish;;;open;open;Ekonomi Kreatif;;Ekonomi Kreatif;" Ahli Perencana Tata Bangunan Dan Lingkungan 
";Okupasi;41/SKM-OPTBL/LSP-P1 POLNEP/III/2018
Jabatan Kerja Arsitek ;;;;08/12/2020 7:58;jabatan-kerja-arsitek;ioryone;publish;;;open;open;Ekonomi Kreatif;;Ekonomi Kreatif;Jabatan Kerja Arsitek ;Okupasi;40/SKM-OJKA/LSP-P1POLNEP/III/2018
Skema Sertifikasi Okupasi Pengobat Tradisional Ramuan Madya;;;;08/12/2020 7:59;skema-sertifikasi-okupasi-pengobat-tradisional-ramuan-madya;ioryone;publish;;;open;open;Care Service;;Care Service;Skema Sertifikasi Okupasi Pengobat Tradisional Ramuan Madya;Okupasi;42/PTD/14/5V/LSP.UNAIR/2020
Skema Sertifikasi Okupasi Pengobat Tradisional Ramuan Utama;;;;08/12/2020 8:00;skema-sertifikasi-okupasi-pengobat-tradisional-ramuan-utama;ioryone;publish;;;open;open;Care Service;;Care Service;Skema Sertifikasi Okupasi Pengobat Tradisional Ramuan Utama;Okupasi;44/PTD/14/5V/LSP.UNAIR/2020
Skema Sertifikasi Okupasi Pengobat Tradisional Ramuan Pratama ;;;;08/12/2020 8:01;skema-sertifikasi-okupasi-pengobat-tradisional-ramuan-pratama;ioryone;publish;;;open;open;Care Service;;Care Service;Skema Sertifikasi Okupasi Pengobat Tradisional Ramuan Pratama ;Okupasi;43/PTD/14/5V/LSP.UNAIR/2020
Skema Klaster Pemeriksaan Laboratorium Klinik;;;;08/12/2020 8:02;skema-klaster-pemeriksaan-laboratorium-klinik;ioryone;publish;;;open;open;Care Service;;Care Service;Skema Klaster Pemeriksaan Laboratorium Klinik;Klaster;62/TLM/14/5V/LSP.UNAIR/2020
Skema Sertifikasi Klaster Pembuatan Alat Ortodonti Lepasan;;;;08/12/2020 8:03;skema-sertifikasi-klaster-pembuatan-alat-ortodonti-lepasan;ioryone;publish;;;open;open;Care Service;;Care Service;Skema Sertifikasi Klaster Pembuatan Alat Ortodonti Lepasan;Klaster;
Skema Sertifikasi Klaster Pelaksanaan Ahli Higiene Industri Muda (Himu);;;;08/12/2020 8:04;skema-sertifikasi-klaster-pelaksanaan-ahli-higiene-industri-muda-himu;ioryone;publish;;;open;open;Care Service;;Care Service;Skema Sertifikasi Klaster Pelaksanaan Ahli Higiene Industri Muda (Himu);Klaster;
"Klaster Administrator Keselamatan Dan Kesehatan Kerja
";;;;08/12/2020 8:05;"klaster-administrator-keselamatan-dan-kesehatan-kerja
";ioryone;publish;;;open;open;Care Service;;Care Service;"Klaster Administrator Keselamatan Dan Kesehatan Kerja
";Klaster;
Pengelolaan Keselamatan Dan Kesehatan Kerja (K3) Tempat Kerja;;;;08/12/2020 8:06;pengelolaan-keselamatan-dan-kesehatan-kerja-k3-tempat-kerja;ioryone;publish;;;open;open;Care Service;;Care Service;Pengelolaan Keselamatan Dan Kesehatan Kerja (K3) Tempat Kerja;Klaster;
Skema Sertifikasi Klaster Pelaksanaan Fisioterapi Untuk Perbaikan Jalan Nafas;;;;08/12/2020 8:07;skema-sertifikasi-klaster-pelaksanaan-fisioterapi-untuk-perbaikan-jalan-nafas;ioryone;publish;;;open;open;Care Service;;Care Service;Skema Sertifikasi Klaster Pelaksanaan Fisioterapi Untuk Perbaikan Jalan Nafas;Klaster;
Skema Sertifikasi Klaster Pelaksanaan (Pelayanan) Pemenuhan Kebutuhan Dasar;;;;08/12/2020 8:08;skema-sertifikasi-klaster-pelaksanaan-pelayanan-pemenuhan-kebutuhan-dasar;ioryone;publish;;;open;open;Care Service;;Care Service;Skema Sertifikasi Klaster Pelaksanaan (Pelayanan) Pemenuhan Kebutuhan Dasar;Klaster;
Skema Sertifikasi Klaster Radiografer Mahir Ct-Scan Tingkat 1 ;;;;08/12/2020 8:09;skema-sertifikasi-klaster-radiografer-mahir-ct-scan-tingkat-1;ioryone;publish;;;open;open;Care Service;;Care Service;Skema Sertifikasi Klaster Radiografer Mahir Ct-Scan Tingkat 1 ;Klaster;
Skema Sertifikasi Klaster Radiografer Terampil Tingkat 1 ;;;;08/12/2020 8:10;skema-sertifikasi-klaster-radiografer-terampil-tingkat-1;ioryone;publish;;;open;open;Care Service;;Care Service;Skema Sertifikasi Klaster Radiografer Terampil Tingkat 1 ;Klaster;
Skema Sertifikasi Klaster Penjaminan Keamanan Produk Hewan ;;;;08/12/2020 8:11;skema-sertifikasi-klaster-penjaminan-keamanan-produk-hewan;ioryone;publish;;;open;open;Care Service;;Care Service;Skema Sertifikasi Klaster Penjaminan Keamanan Produk Hewan ;Klaster;64/PVT/14/5V/LSP.UNAIR/2020
Skema Sertifikasi Klaster Pengendalian Penyakit Hewan;;;;08/12/2020 8:12;skema-sertifikasi-klaster-pengendalian-penyakit-hewan;ioryone;publish;;;open;open;Care Service;;Care Service;Skema Sertifikasi Klaster Pengendalian Penyakit Hewan;Klaster;55/PVT/14/5V/LSP.UNAIR/2020
Skema Sertifikasi Klaster Pemeriksaan Dan Pengujian Laboratorium;;;;08/12/2020 8:13;skema-sertifikasi-klaster-pemeriksaan-dan-pengujian-laboratorium;ioryone;publish;;;open;open;Care Service;;Care Service;Skema Sertifikasi Klaster Pemeriksaan Dan Pengujian Laboratorium;Klaster;63/PVT/14/5V/LSP.UNAIR/2020
Skema Sertifikasi Kkni Pada Kompetensi Keahlian Bidang Tata Boga (Food Production) Certificate V In Food Production ;;;;08/12/2020 8:14;skema-sertifikasi-kkni-pada-kompetensi-keahlian-bidang-tata-boga-food-production-certificate-v-in-food-production;ioryone;publish;;;open;open;Hospitalitas;;Hospitalitas;Skema Sertifikasi Kkni Pada Kompetensi Keahlian Bidang Tata Boga (Food Production) Certificate V In Food Production ;KKNI Level 5;FR.SKEMA-02.PAR-14
Skema Sertifikasi Kkni Pada Kompetensi Keahlian Bidang Tata Boga (Food Production) Certificate VI In Food Production ;;;;08/12/2020 8:15;skema-sertifikasi-kkni-pada-kompetensi-keahlian-bidang-tata-boga-food-production-certificate-vi-in-food-production;ioryone;publish;;;open;open;Hospitalitas;;Hospitalitas;Skema Sertifikasi Kkni Pada Kompetensi Keahlian Bidang Tata Boga (Food Production) Certificate VI In Food Production ;KKNI Level 6;FR.SKEMA-02.PAR-15
Skema Sertifikasi Kkni Pada Kompetensi Keahlian Bidang Operasional Tur (Tour Operation) Certificate V In Tour Operation ;;;;08/12/2020 8:16;skema-sertifikasi-kkni-pada-kompetensi-keahlian-bidang-operasional-tur-tour-operation-certificate-v-in-tour-operation;ioryone;publish;;;open;open;Hospitalitas;;Hospitalitas;Skema Sertifikasi Kkni Pada Kompetensi Keahlian Bidang Operasional Tur (Tour Operation) Certificate V In Tour Operation ;KKNI Level 5;FR.SKEMA-02.PAR-16
Skema Sertifikasi Kkni Pada Kompetensi Keahlian Bidang Operasional Tur (Tour Operation) Certificate VI In Tour Operation ;;;;08/12/2020 8:17;skema-sertifikasi-kkni-pada-kompetensi-keahlian-bidang-operasional-tur-tour-operation-certificate-vi-in-tour-operation;ioryone;publish;;;open;open;Hospitalitas;;Hospitalitas;Skema Sertifikasi Kkni Pada Kompetensi Keahlian Bidang Operasional Tur (Tour Operation) Certificate VI In Tour Operation ;KKNI Level 6;FR.SKEMA-02.PAR-17
Skema Sertifikasi Kkni Pada Kompetensi Keahlian Bidang Tata Hidang (Food And Baverage Service) Certificate V In Food And Baverage Service ;;;;08/12/2020 8:18;skema-sertifikasi-kkni-pada-kompetensi-keahlian-bidang-tata-hidang-food-and-baverage-service-certificate-v-in-food-and-baverage-service;ioryone;publish;;;open;open;Hospitalitas;;Hospitalitas;Skema Sertifikasi Kkni Pada Kompetensi Keahlian Bidang Tata Hidang (Food And Baverage Service) Certificate V In Food And Baverage Service ;KKNI Level 5;FR.SKEMA-02.PAR-12
Skema Sertifikasi Kkni Pada Kompetensi Keahlian Bidang Tata Hidang (Food And Baverage Service) Certificate Vi In Food And Baverage Service ;;;;08/12/2020 8:19;skema-sertifikasi-kkni-pada-kompetensi-keahlian-bidang-tata-hidang-food-and-baverage-service-certificate-vi-in-food-and-baverage-service;ioryone;publish;;;open;open;Hospitalitas;;Hospitalitas;Skema Sertifikasi Kkni Pada Kompetensi Keahlian Bidang Tata Hidang (Food And Baverage Service) Certificate Vi In Food And Baverage Service ;KKNI Level 6;FR.SKEMA-02.PAR-13
Skema Sertifikasi Kkni Pada Kompetensi Keahlian Bidang Kantor Depan (Front Office) Certificate V In Front Office ;;;;08/12/2020 8:20;skema-sertifikasi-kkni-pada-kompetensi-keahlian-bidang-kantor-depan-front-office-certificate-v-in-front-office;ioryone;publish;;;open;open;Hospitalitas;;Hospitalitas;Skema Sertifikasi Kkni Pada Kompetensi Keahlian Bidang Kantor Depan (Front Office) Certificate V In Front Office ;KKNI Level 5;FR.SKEMA-02.PAR-10
Skema Sertifikasi Kkni Pada Kompetensi Keahlian Bidang Kantor Depan (Front Office) Certificate VI In Front Office ;;;;08/12/2020 8:21;skema-sertifikasi-kkni-pada-kompetensi-keahlian-bidang-kantor-depan-front-office-certificate-vi-in-front-office;ioryone;publish;;;open;open;Hospitalitas;;Hospitalitas;Skema Sertifikasi Kkni Pada Kompetensi Keahlian Bidang Kantor Depan (Front Office) Certificate VI In Front Office ;KKNI Level 6;FR.SKEMA-02.PAR-11
Skema Sertifikasi Kkni Pada Kompetensi Keahlian Bidang Tata Boga (Housekeeping) Certificate V In Housekeeping;;;;08/12/2020 8:22;skema-sertifikasi-kkni-pada-kompetensi-keahlian-bidang-tata-boga-housekeeping-certificate-v-in-housekeeping;ioryone;publish;;;open;open;Hospitalitas;;Hospitalitas;Skema Sertifikasi Kkni Pada Kompetensi Keahlian Bidang Tata Boga (Housekeeping) Certificate V In Housekeeping;KKNI Level 5;FR.SKEMA-02.PAR-07
Skema Sertifikasi Kkni Pada Kompetensi Keahlian Bidang Tata Boga (Housekeeping) Certificate VI In Housekeeping;;;;08/12/2020 8:23;skema-sertifikasi-kkni-pada-kompetensi-keahlian-bidang-tata-boga-housekeeping-certificate-vi-in-housekeeping;ioryone;publish;;;open;open;Hospitalitas;;Hospitalitas;Skema Sertifikasi Kkni Pada Kompetensi Keahlian Bidang Tata Boga (Housekeeping) Certificate VI In Housekeeping;KKNI Level 6;FR.SKEMA-02.PAR-08
Pemantauan Aspek Biofisik, Sosial, Budaya Dan Ekonomi, Di Wilayah Pesisir Dan Pulau-Pulau Kecil;;;;08/12/2020 8:24;pemantauan-aspek-biofisik-sosial-budaya-dan-ekonomi-di-wilayah-pesisir-dan-pulau-pulau-kecil;ioryone;publish;;;open;open;Hospitalitas;;Hospitalitas;Pemantauan Aspek Biofisik, Sosial, Budaya Dan Ekonomi, Di Wilayah Pesisir Dan Pulau-Pulau Kecil;Okupasi;FR-SKEMA-02.PAR-03
Kepemanduan Wisata;;;;08/12/2020 8:25;kepemanduan-wisata;ioryone;publish;;;open;open;Hospitalitas;;Hospitalitas;Kepemanduan Wisata;Okupasi;FR-SKEMA-02.PAR-02
Pemandu Wisata Selam;;;;08/12/2020 8:26;pemandu-wisata-selam;ioryone;publish;;;open;open;Hospitalitas;;Hospitalitas;Pemandu Wisata Selam;Okupasi;FR-SKEMA-02.PAR-09
Tour Leader;;;;08/12/2020 8:27;tour-leader;ioryone;publish;;;open;open;Hospitalitas;;Hospitalitas;Tour Leader;Okupasi;FR-SKEMA-02.PAR-18
Skema Sertifikasi Nasional Pada Kompetensi Klaster Certified Event Registration ;;;;08/12/2020 8:28;skema-sertifikasi-nasional-pada-kompetensi-klaster-certified-event-registration;ioryone;publish;;;open;open;Hospitalitas;;Hospitalitas;Skema Sertifikasi Nasional Pada Kompetensi Klaster Certified Event Registration ;Klaster;
